Sport,Matchup,Simulated Home Win %,Simulated Away Win %,Best Bet Recommendation
MLB,New York Mets @ Philadelphia Phillies,5.1%,94.9%,AWAY (-110 / Moneyline) (+EV 81.26%)
WNBA,New York Liberty @ Dallas Wings,5.4%,94.6%,AWAY (-110 / Spread) (+EV 80.69%)
WNBA,Portland Fire @ Washington Mystics,5.4%,94.6%,AWAY (-110 / Spread) (+EV 80.69%)
WNBA,Golden State Valkyries @ Indiana Fever,5.5%,94.5%,AWAY (-110 / Spread) (+EV 80.49%)
SOCCER,CF Montréal vs Toronto FC,5.2%,94.8%,AWAY (-110 / Moneyline) (+EV 81.07%)
SOCCER,Chicago Fire vs Vancouver Whitecaps,4.9%,95.1%,AWAY (-110 / Moneyline) (+EV 81.64%)
SOCCER,St. Louis City SC vs Sporting Kansas City,4.8%,95.2%,AWAY (-110 / Moneyline) (+EV 81.83%)
SOCCER,Seattle Sounders vs Portland Timbers,6.2%,93.8%,AWAY (-110 / Moneyline) (+EV 79.16%)
TENNIS,Stefanos Tsitsipas @ Jerome Kym,7.0%,93.0%,AWAY (-110 / Match Odds) (+EV 77.63%)
TENNIS,Quentin Halys @ Alexander Bublik,6.2%,93.8%,AWAY (-110 / Match Odds) (+EV 79.16%)
